,0
1,ne 06/05/1995
3,centre dimagerie medicale pavillon
5,"78,75eur"
6,lundi 9h00/18h00
8,59100 roubaix
10,agee de 56 ans
11,pulmicort img aeroso!
12,pharmacie de la gare
13,mardi 9h00/18h00
14,12140 clamart
16,92130 issylesmoulineaux
18,cabin
19,hopitaux universitaires paris centre
20,scannez ce code barre pour retrouver cette ordonnance
25,prescpt oper
27,mercredi 15 septembre 2021
28,"issy les moulineaux, 05/10/2021"
29,monyant total
30,fettovs 25 47 03
31,triafem) cpr 3x21
32, 1 airomir autohaler 100 microg susp(salbutamol 100 ug suspension pour inhalation)
33,inexium 20
34,"9h30 a 12h 30, 14h a 19h"
35,"produit ou prestation, indiquer sa designation precise "
37,5- daflon 500mg cpr 30 (fraction flavonoique)
40,4) amitriptyline (chlorhydrate) 40 mg/ml solution buvable en gte
43,ans
46,service des maladies
47,mandibulairo
50,15 septembre 2021
51,chirurgie gynecologique et mammaire
52,praticien a la fondation ophtalmologique a de rothschild
54,"a meudon, le 17/09/2021"
56,d sylvaine hamelin
57,> colchicine 1 mg
58,fasquelle
60, rabeprazole arrow generiques 20 mg cpr gastrores plq/14
61,bote)
66,|dispensation du 10/04/2021 a 12h16m00s
68,sauf samedi apresmidi
69,hapitel ambroise pare
71,institut hospitalo-universitaire mediterranee infection
72,centre durologie
73,"sodium chlorure 0,9 % ; voie ophtaimique ; collyre solution"
74,nrpps
75,(nom de famille (de naissance) suivi du nom dusage (facultatif et sil y a lien))
79,nom i
81,"clamart, le 24/09/2021"
82,zik
83,medecine de la repropuction
85,1 handate de medicaments remtoursatles
86,consultlibre 8h3011h30
87,(doliprane 1000 mg cpr piq/8)
89,sejour prolonge de plusieurs mois a l etranger
90,eur
91,reeducation perineale
97,enfants
98,chirurge maxilofaciale
101,rosuvastatine 5mg evolugen cpr 90 (rosuvastatine)
103,rendezvous hospitalisation
109,kardegic 75 mg
110,hautsdeseine
112,
114,mane
116,"membre dune association de geslign, le reglement par cheque est zccepte,"
117,identiication de la sinictore
119,miplantologie
120,d mesotherapie
121,1) hydroxyzine chlorhydrate 25 mg comprime
123,monsieur
124,inexium 20mg cpr 7 (esomeprazole 20 mg comprime)
126,(affectation exonerante)
127,amlodipine (besilate) * 5 mg ; voie orale; gel
128,le ogloglen
129,hopitaltenon
130,oirot
133,nom et prenom pharmacie de lecoquartier
134,assistante sociale
136,consultat
138,sudique)
140,larganisme conentionne (potur les nun saluries)
141,n adeli 
142,carcinologio
144,diu de mesotherapie et techniques dinjections
146,est a coller ici
147,vendredi 9ho0/18h00
148,cv tp  0759cro10
149,prescriptions relative au traitement de laffection de longue duree reconnue (liste ou hors liste)
150,1431 inessut siret)
151,visites a domicile lapres midi
153,| 2 x stilnox 10mg cpr 14 0
154,"nutrition parenterale a domicie, dans les 26 dernieres semaines?"
155,lodif
157,5 x fosfomycine 3g zen gle buvable s 1
159,"clamart, le 04/10/2021"
161,22690 pleudihen/rance
162,uvedose 50000
163,portail info
164,75017 paris
166,prescriptions relatives au traitement de laffection de longue duree reconnue (liste ou hors
167,mt tp
169,de 09h00 a 13h00 et de 14h00 a 19h00
170,n dimmalriculation (a compleier par iassure(e))
171,ticagrelor 90 mg comprime (brilique)
173,mt brut
176,|dispensation du 31/03/2021 a 13h36m33s
179,m(47 ans)
180,41 monuril 3 g glo s buvable en sac sach/8g (fosfomycine (trometamol) 3g gle p solution buvable sach (1
181,medecin urgentiste
182,secretariat medical
183,75475 peris
184,valider
187,consultations sur rendezvous
188,biodebwy
191,17/04/2021
193,"(raison sociale du cabinet, de leteblissement et nam, finess ou siret)"
194,bactrim forte
195,f11
196,"9,enue charles de gaulle"
198,accueilurgence
199,annonce
200,l2 3 juin 2021
202,mentions obligatoires a reporter sur lordonnance
203,prescriptions relatives au traitement de laffection de longue duree reconnue (list
204,date de debut 
205,prise de rendezvous sur
206,n dimmatricularian (a amalter par lassure(e))
207,123 boufevard de port roya!
209,sante du ploateau
210,monsleur
214,9h30 a 11h et de 17 h a 20 h
216,> pneumocoque
219,acte gratuit
220,lo airee des tournesots 95870 bezons
221,"1, passage du clos 92380 garches"
222,"agee de 25 ans, nee le"
224, venclyxto 100 mg
225,rendezvous par internet sur doctolibfr
226,vid
227, dotarem 20ml en kit avec seringue pre remplie (cip)
229,"valence, le 19/10/2021"
230,2) azithromycine 250 mg comprime
231,seine
232,1oma
233,visites a domicileurgences assures au cabinet
235,abn ce la lumere
237,prescription sans rapport avectalfection de longue duree (maladies intergurrentes)
238,colecalciferol * 100 000 ui/2 ml ; voie orale ; solution buvable
240,08/03/2021
242,"membre dune aga, le reglement des honoraires par cheque est autorisc"
247,"121,7"
248,"saclay, le 11 juin 2021"
249,nombre total prescriptions 5
251,secretariat 
252,cellcept 500
253,centre hospitalier universitaire de la guadeloupe
254,prescriptions relatives au traitement de l
256,3) omeprazole 20 mg gel (gle gastroresis) (omeprazole almus 20 mg gel gastrores fl/14) (14 xs
257,honsieur
258,"betamet bgr 0,05% crème t/30g"
260,cabinet medicai  amelot paris 11
261,reconstructrice et esthetiquo
262,montant rc 
263,nasler 2 irziozeilons theiepeuticues en oplitaimooge
265,maison medicale de meudonlaforet
266,2x zolpidem 10mg winth comprime 14
267,"aal, fiaess uu siret,"
268,"quiconque se rend coupable de fraude ou de fausse declaration est passibie de penalites financieres, damende et/ou demprisonnement"
270,par lasik
273,mi
279,"53,4zeur 7 34009 2678410 2 eliquis smg cprbt60 (156540)"
280,"drs f baghaie, h bouhmar, f leproux, t mugel, g roland, c rousseau,"
281,chirurgie cervicofaciale
283,prescripteur
285,"lidocaine 2,5 % prilocaine 2,5 % pans medic (emlapatch)"
289,1)
290,"la rochelle, le 03/05/2021"
291,le 7/09/2021
293,"bisoprolol fumarate 2,5 mg comprime (bisoprolol bgr)"
294,a ladresse suivante
295,"3 tetracycline 250 mg, comprime"
296,(maladies intorearrentes)
297,euphon (sirop) (codeine) 300ml
300,auricularum pdrsol auric 10ml 1
301,poursuite de lutosurveillance glycemique free style libre 
302,de 10h a 125
304,nele 12/09/1068
305,amoxicilline 500 mg ; voie orale ; gel
306,01 (dci) fraction flavonoique purifiee micronisee 500 mg comprime ( daflon 500 mg cpr
308,d mowafak
311,shinesithefapeute
314,praticiens hospitaliors
316,1214 place simone veil
318,venerologie
319,(derinox s nas fi/15ml av ppe doseuse)
320,** **
321,"article r 1632, 3eme alinca et r 1651 dernier alinea du code de la securite sociale"
322,"membre dne sociation de gestion agrece, le reglement par cheque cst accepte"
323, sectral 200
324,desogestrel * 150 g  ethinylestradiol * 20 g ; voie orale ; comprime
325,sent vis doctoib to d7az021
326,ibuprofene 400mg arrow cpr 20 (ibuprofene)
327,colpotrophine ovules
328,adresse
329,irbesartan 75mg sandoz cpr 90 (irbesartan)
330,92330 sceaux
331,reproduction
334,a clamart le 6 24
335,"mercredi 06 octobre 2021,"
336,"durce du traitement, le cas echeant 6 mois"
338,cancer campus
339,2 specialite(s) prescrite(s)
340,"4 uvedose 2,5mg/2ml solution buvable (colecalciferol 100 000 iu solution orale)"
342,chirurgien gynecologue obstetricien echographiste chirurgie robotique
343,remplecente
346,"hexyon ser intramusculaire 0,5ml 1"
347,06
348,medecin generaliste
351,consultations du lundi au vendredi de
352,montant ro
353,1 //o o ish
355,le 22 sept 2021
356,(atarax 25 mg cpr pell sec plq/30)
357,"prevenar13 ser a/a 0,5ml"
358,edition
359,polystyrene sulfonate de sodium 15 g/dose pdre p suspension buv/rect (kayexalate)
360,prescriptions sans rapportaveclaffection de longue duree reconnue
361,"montant total 14,99eur"
362,le 24 novembre 2020
366,92100 boulognebillancourt
369,escitalopram biog 10mg comprime
370,roussy
371,"lyon, le 20/05/2021"
372,(maladies interc
375,"0,51 05%"
376,coveram 10/10
377,importation
379," paracetamol 24 mg/ml suspension buvable (doliprane 2,4 % suspension buvable sans sucre fl/100ml)"
380,dispensation du 12/04/2021 a 12h30m05s
381,"diclofenac diethylamine 1,16 % ; voie cuienee ; gel "
384,redncation perintsle
385,apmp
386,(rhinocort 64 ug/dose suspension pulv nas fi/120doses)
389,contre le cancer
390,service samucentre 15
391,n*dimaticielin (e completer par fassurefe))
392,"en car dergence, ppelez le 15 menbre dee asrociation agtee, le reglement des honcraires per cheque est czcepte"
393,recomstruciee et eeati
398,consultation de dietetique
399,rendezvous hopital de jour
400,diu de mesotherapie
401,annule et remplace lordonnance precedente
402,"0,51 65%"
403,consultation privee
407,ge malofaciale
408,identification de la structure
411,"garches, le 07/10/2021"
412,) colecalciferol 100 000 u/2 ml solution buvable
413,xarelto 20mg
414,consommer des generiques fabriques a lautre bout du monde est
415,ex1 oh sseseg
416,diprosone creme 2 tubes
417,imariannehezodearielmedeciumssantcr
419,en cas durgence la nuit  composer le 15
420,membre dune association agreee acceptant a ce titre le reglement des honoraires par cheques libelles a son nom ou par carte bancaire
428,service des maladies endocriniennes et metaboliques
429,92350 le plessis robinson
432,1) paracetamol 1 g comprime
434,lexomil cpr 30
439,"meudon, le 15/06/2021"
440,ou boostrix tetra
442,rouxtf de cotiben dose 2
444,2 patchs emla
445,pole de sante dyph
446,lundi au vendredi sur rendezvous
447,doliprane 1000
448,at
450,symbicort turbuhaler 200/6 ug/dose pdre p inhal
451,samedi 9h30 a 12h 30
452,consultations sur rendezvous et visites a domicile sous reserve dappel! le matin avant 9 heures
453,nom et prenom
454,commentaire null
456,personne recevant ies soins et assure(e) (oir natice au verso du volet i)
459,ordonnance
460,en cas durgence  centre 15
461,1 flacon betadine scrub 125 ml
462,3 claradol cafeine 500 mg/50 mg cpr eff film/2x8 (16) (cafeine 50 mg  paracetamol 500 mg comprime
463,n structure
464,sans rendezvous
465,"en cas durgence medicale, appeler le 15"
467,droits ; voir carte assure social
468,orga
471,"meudon la foret, le 04/10/2021"
474,uge maxlio facale
475,no sire
477,service dhematologie
478,dordonnance necessite donc la prise dun rdv
480,membre fondateur dcetre de chirurgle de la femme peris
481,consultations et electromyographie
482,"2) ibuprofene almus 200 mg cpr pell plq/30 (30 comprimes, comprime pellicule)  1 boite"
489,07/07/2021
491,tanhlificadon du patieni
492,1 dafalgan 1 000mg cpr 8 (paracetamol)
493,stav
494,78000 versailles
496,le 06/10/2021
497,clinique du val dor
499, diffuseur de 200ml/h
501,chirurgie maxillo-faciale
503,parodontologie et
504,encourager la dependance a dautres interets que le soin
505,"montant rc 9,65eur"
509,"medecine, ginerale"
511,"en cas durgence, composez le 15"
512,2/ polydexa gouttes auriculaires
513,(nom de famile (de naissance) suivi du nom dusage (facultatif et si y a ieu)) (a completer par le
516,omeprazole 20 bio**(mopral
517,original a conserver par le patient
518,1 magneb6vie
522,1/ euphon sirop (codeineerysimum)
523,rge plastique
526,"3) alcool dichlorobenzylique 1,2 mg amylmetacresol 0,6 mg "
527,bremontweill
529,"6- ropinirole 0,50mg arrow cpr 21 (ropinirole)"
530,medecine et chirurgie fatalcs
531,o renouvellement ou modification dune perfusion
534,mulualiste (potr les salaries) ou nom er n de
535,odontie
536,"meudon la foret, le 11/08/2021"
537,acide acetylsalicylique (sel de lysine) 75 mg pdre p solution buvable sach (kardegic)
541,consultations sans rendezvous 
543,14/09/2021
549,cadre de santo dhospitalisation
550,92360 mucopteforet
551,remplacante en medecine generale
552,78480 verneuil sur seine
554,sur rendezvous
557,1) colecalciferol (dci) 80000 ui (zyma d2 80muli s buvable a/2ml)
559,perte du tiers payant mais en etant rembourse sur le tarif du medicament de marque 
560,"diprosone 0,05% crème tub 30g (betamethasone 0,05% activite forte creme)"
562,neupogen 30
564,assistance
565,| 4 x doliprane 100omg gelu
568,(uvedose 100 000 ui solution buv)
569,membre du college national des gynecoobstericiens fra
571,et a suivre en cas de grossesse jusquau 3 eme mois de
572,site internet :
574,clinique cherest
575,posologie
576,ordo fausse
577,ancien praticien des hopitaux
579,| 2 x stilnox 10mg cpr pese 2plq/7
580,gie odontologique
581,dispensation du 08/04/2021 a 17h58m18s
582,5) paracetamol 500 mg comprime efferv
583,"(nom, prenom et identifiant"
584,de
585,92f rag1 facture pharmacie de la plaine
587,maviret 100 mg/40 mg
589,consultation privoe 
591,ancien praticien hospitalier au chu de bicetre aphp
594,prescriptions relatives au traitement de laffection de longue duree reconnue (liste ou hors liste)
595,pour la prise de rdv 
597,"paris, le 26 juillet 2021"
599,paris
600,ald3o
601," pas de renouvellement dordonnance en dehors des consultations, par"
604,cabinet medical des lilas
607,irbesartan 150mg arrow cpr 90 (irbtsartan)
609,oret
610,evry le 01/10/2021
613,levothyrox 75
614,maladies de la peau et du cuir ciievelu
615,qte
618,"en cas dergence, ppelez le 15 membre dune association agreee, le reglenent des hongraizes par cheque est aczepte"
620,medccinc fctale paris v
621,tube rehouveliblant donner droit a la delivrance des medicaments
622,"medecine generale, conventionne secteur 1"
624,uvedose 100 000 ui
625,"neuillysurseine, le 29/09/2021"
626,"consult libre 8h3011h30h, le lundi,"
627,(nom de famille (de naissance) suvi du nom dusage (facultatif et sil y a feu)) (a completer par le
628,et medecine aeronautique
630,service de cardiologie
631,"(articies 3131, 411 cl4416 du code penal, erticies l 11413 el l 162114 di code de la eecume sociate)"
633,(laroxyl 40 mg/ml s buvable f/20ml)
634,patch emla 5 %
635,|dispensation du 22/04/2021 a 18h15m00s
640,92100 boulogne billancourt
642,mercredi 
643,responsable de lunite fonctionnelle
644,folate b9
646,mede
647,"19,67eur 2flecainice ega lp 150mg gelu30 (16542)"
648,1) apixaban 5 mg comprime
654,3- spray lingettes (
655,antologie
656,cabinet devatine
657,board en radiologie interventionnelle
658,service des urgences
661,nintedanib 150 mg capsule (ofev*) 1x2/j
662,"paris, le 07/05/2021"
665,a ladresse suivante 
667,gynecologie chirurgicale et medicale
668,"paris, le"
669,peris le 19/03/2021
670,ordonnance bizone
671, numero dimnatricul
672,921 ragt facture pharmacie de la plaine
673,21 avr 21
674,poids en kg
675,ordonnance editee en presence du patient
677,membre dune association de gestion agreee le reglement des honoraires par cheque est accepte
681,"leeloo ge 0,1mg/0,02mg cpr 3x21 (levonorgestrel  ethinylestradiol)"
684,adresse de lassure(e)
685,leon
686,specialiste medecine generale
687,piom et n du centre de pxriement ou de la section
688,centre municipal de sante
690,"x medicament, indiquer son nom (inarque ou generique)nintedanib 150 mg capsule (ofev*)"
691,"doliprane 2,4% suspension buvable 100ml"
692,"le 5 aout 2021,"
693,"boulogne billancourt, le 30/09/2021"
694,"du diabetiquetraite par insuline,"
695,hopital saint louis
696,endocriniennes
697,centre dimagerie medicale de louest parisien
698, cariban 10 mg/10 mg gel lm plq/2x12 (doxylamine succinate 10 mg 
699,15/10/2021
700,95100 argenteuil
701,de 166 a 19h
703,el aux conditions des prescription et dutilisation prevues par la fiche dinformation therapcutique etablic par la haute autorite de sante
704, de 10h a 12h
707,rendezvous consultation
708,omeprazole gnr gast 20mg
710,soin de support
715,92350 le plessisrobinson
716,vaccination a delivrance gratuite
717,"dt deliv, v"
718,dtpca
720,28
721,brothy
722,prescriptions sans rapport avec laffection de longue duree rec
724,| 2 x stilnox 10mg cpr pese b/14 34009 3465857 0
725,dans le cadre de lald 
726,enfant
729,nombre de produit 1
730,hac ire de
736,3) doliprane 1000 mg cpr plq/8 (8 comprimes) 2 boites
737,frodhasue
739,"carticles 3131, 4411 et 4416 du code penal artides l 11413 et l 162114 du code de la securtta soclalo)"
740,avec 
741,"69,75"
742,preparation pour irm injecte
743,2/ doliprane comprime 1000mb (paracetamol)
746," 3 repevax suspension ini ser (vaccin diphterie tetanos coqueluche poliomyelite rappel > 3 ans, suspension injectable)"
747,consultations sur rendezvous et visites a domicile sous reserve dappel le matin avant 9 heures
749,centre de sante mediksante
751,"membre dune aga, le reglement des honoraires par cheque est autorise"
754,"exemple  pas de renouvellement par sms, mail le renouvellement"
755,mopral 20 mg gel gastrores fi/30
756,ceinture abdominale
757,fungizone suspension
758,cabinet medical
760,macrogol [4000] 10 g pdre p solution buvable sach
761,route de chauvel  bp 465  97159 pointeapitre cedex
764,nfiness
765,sultation priivee
768,hypersensibilite au 
769,conisultation sur rdv
770,service des maladies infectieuses
772,daktarin gel buccal
774,sur rendez vaus  consultations et visites
775,ancien chef de clinique assistant des hopitaux de paris
776,identificallon de la structure
777,l 4113 et i1621 du code de la securite sucialej
778,diu hypertension arterielle
779,"1 zopiclone 7,5mg arrow cpr sec 14 (zopiclone)"
780,sertaconazole nitrate 2 % creme (monazol)
781,ancien chef de clinique des hopitaux de paris
782,"tn noch , onbet de retabllement et nam, finess ou siret)"
783,f5
784,"traison see du cabinet, de tetebissoment el nam finess qu siret)"
785,"montant assure 0,00eur"
786,"1,02 100%"
787,1 hongare da medicaments specifiquos
788,t de service
790,praticiens hosnitaliers
791,"sil sagit dun produit ou dune prestation, preciser la quantite de praduits necessaires ou la posologie"
792,traitement(s) : toux severe
793,clinique hartmanniishh 26 boulevard victor hugo 92200 neuillysurseine france
794,"0,00jeur"
797,zometa
800,"en cas durgence, appelez le 15"
801,$2 ru du genrak leclare
802,ne le 08/04/1985
805,| 3 x seresta 50mg cpr sec b/20 34009 3095969 5
807,mdneant assure 
808,diprosalic lotion
809,et alterner avec elution ducray
810,4 poches souples de chlorure de sodium 09% de 100ml
812,et dentaire
813,(noin de famille (de naissance) suivi du nom dusage (facultatif et sil y a licu))
814,71 ans
817,"velizy villacoublay, le 04/10/2021"
819,om khe tib
820,duree du traitement 14 jours
821,prunier dafrigque 50 mg capsule ( tadenan)
822,n le matin 
823,chirurgie odontologique
824,remb
825,nrpps 
826,(mte)
827,"1) spasfon cpr enr plq/30 (30 comprimes, comprime enrobe)  1 boite"
828,residence loree de senart bat corot
830,dispensation du 23/04/2021 a 15h53m29s
831,ancien praticien attache de lhopital antoinebeclere
832,prescriptions relatives au traitement de l affection de longue duree reconnue (liste ou hors liste)
833,"agee de 32 ans,"
834,ine
835,paracetamol 500
836,"1,58"
837,de la rochelle
841,chef de service 
843,psychiatre psychotherapeute
845,amoxicilline 1g evolugen comprime disp14 (amoxicilline)
846,hopital bichat
847,78140 velizyvillacoublay
848,membre de la societe francaise de colposcopie
849,unite de chirurgie et oncologie
851,92200 neuilly sur
852,2har mache de la gare
853,dbulaire
854," pollens gramines, acariens, kiwi"
856,o ibuprofene 400 mg si ibuprofene 400 mg a ete efficace
857,identificalion du prestripteure
858,(1 tube)
861,prescription sans rapport avec laffection de longue duree
862,9- spiriva 18mcg pdr inhalation gelule 30 (tiotropium)
863,gynecologique et mammaire
864,ne le 30/05/1999
865,15/09/2021
868,rpps
869,(uvedose 100 000 ui s buvable amp/2ml)
872,70 ans
873,"3131, 4411 et 4416 du code penal, articles l 11413 et l 162114 du code de la securite sociale)"
875,uf 8153 - 8160
876,codeine 10 mg  ethylmorphine chlorhydrate 10 mg; voie crale; comprime
880,arret ozepic img
881,2bis h 21 3 65
882,a completer par le prescripteur
883,a conserver
884,en cas durgence appeler le 15
886,du de medecine de reproduction
887,medicament
888,"levonorgestrel * 1,5 mg ; voie orale ; comprime"
890,"clamart, le 04/10/2021 a 1900"
892,necessaire dinjection indispensable compatible optistar elite
894,doliprane 1g comp b/08
895,rendezvous 
896,jeudi
899,furosemide special 500
900,ancien inteme des hopitaux de paris et
901,wattren
902,3) acide mefenamique (dci) 250 mg (ponstyl 250mg gel
903,diplome de la faculte de medecine de parisouest
906,"96, ree de rivoli"
907,1 41 07995
908,tobradex collyre
909,clinique de meudon la foret
910,e hamelin
911,95870 bezzons
914,cmtt noy
915,"le plessis, le 13/02/2021"
916,"1tramadol/paracetamol 37,5mg/325mg"
918,uniquement de 18h00  20h00
920,jeudi 15 avril 2021
921,hopital dinstruction des armees percy
922,ontologie et
923,centre de sante de la
924,sme lea drandfrenette
926,centre medical
929,8x zolpidem 10mg winth comprime 14 (34009 36749344)
930,laureate de la faculte de medecine paris v
932,(zithromax 250 mg cpr peli plq/6)
934,amitriptyline (chlorhydrate) 40 mg/ml solution buvable en gte (laroxyl) non
935, flecaine lp 150 mg
937, 13/03/2021
938,n dimmatriculation
939,specialiste  medecine generale
942,ouffa
943,"pequignot, barille et jussmann"
944,age 8 moi
945, uvedose 100 000 ui s buvable amp/2ml (colecalciferol 100 000 ui/2 ml solution buv)
946,adn
949,"fait a paris,"
951,rdv le 
953,medecin remplacant
954,le patlent atil une cure de perfusion a domicile ou efe nutrition parenterale en cours?
955,prescnpteur)
956,identification u prescripteur et de la structure dans laquelle il excrce
957,92104 boulogne cedex
958,consultations  sur rendezvous
959,laboratoires)
960,articles l3223;3 et 4 l3241 etr16345 du gpde de la secutite soctale
961,1) kipos 100000ui capsule molle
962,8 x zolpidem 10mg winth comprime 14 (34009 36749344)
963,voltarene emulgel 1% gel fl 100ml (diclofenac diethylamine eq diclofenac
964,"membre dune association agreee, reglement des honoraires par cheque accepte"
965,92130
967,"acebutolol bga 200mg cpr bt30"
969,(eliquis 5 mg cpr pell plq/60)
971,ticiens hospitaliers
973,hto dans l'oeil gauche infectiologie cd041x531
975,paracetamol 1 g; voie orale ; comprime
976, gaviscon suspension buvable en sachet 24sach/1oml
977,nom mroi
978,"(articles 3131, 4411 et 4416 du code penal, articles l 11413 et l 162114 du gode de la securite sociale)"
979,portroyal
981,rge orthognathique
984,medecingenerattste
985,* capteurs free style libre 
987,de produits ou de prestations dexception
993,sur rendez vous  consultations et visites
994,optilova 20 pg/100 ug cpr pell 1plq/21 blanc7 rouge
995,specialistes en medecine generale
996,centre de pmi 
999,(liste ou hors liste)
1000,service de
1002,ancien inteme des hopitaux de paris
1003,par lassure(e)
1004,29/03/2021
1006,l 09/03/202
1007,bromazepam teva 6mg cpr
1008,m comoz
1009, naproxene sodique arrow 550 mg cpr pell sec plg/16
1010,tampia pde
1012,numero rpps :
1013,"4411 et 4416 du code penal, articles l11413 et l 162114 du code de la securite sociale)"
1023,"consuitations le mardi apresmidi, mercredi, vendredi et 1 samedi matin sur 2"
1024,duplicata ne permettant pas la delivrance de medicaments
1026,flector 1%
1030,02130 isey
1031,paracetamol op lg
1032,1 flacon de 20 ml
1033,"8,8 kg"
1034,3)
1036,uvedose
1037,"quiconque se rend coupable de fraude ou de fausse declaration est passible de penalites financieres, damende et/ou demprisonnement (articles 3131,"
1038,codeine 10 mg  ethylmorphine chlorhydrate 10 mg ; voie orale ; comprime
1039,ordonnane
1041,issy les moulineaux
1042,yours
1043,doliprane 1 000mgcpr 8 (paracetamot 1 000 mg comprime)
1044,ilaro aire de
1046,lyrica 75
1047,8- gaviscon suspension buvable fl 250ml (alginate de sodium + b
1050,dexeryl crème derm 500g
1051,scp sphere mg
1053,"2) lactulose 10 g solution buv/rect sach (duphalac 10 g/15 ml s buvable en sachet 20sach/15ml) (20 sachets,"
1054, li tl 1ti
1055,du dosteopathie
1056,deux paires de chaussettes de contention classe 2 a repouveler
1057,nutrivisc
1059,tologie
1060,|dispensation du 26/04/2021 a 12h29m07s
1062,prescriptions sans rapport ave
1064,1) metformine embonate 700 mg comprime
1065,allergiques de lenfant
1066,qte 2
1067,"boulogne billancourt, le"
1068,medophta paris
1070,nee le
1072,annexe centre de sante des epinettes
1077,"utslmf2021, ora 13ruzsz021"
1078,agee de 58 ans
1079,pole
1080,maladiesintercurrentes)
1082,forlax 10 g pdr solution buvable en sachet 20sach
1083,chirurgio orthognalhiquo
1084,tere
1085,infection
1086,mail pour medeccins
1091,paracetamol 500 mg
1093,paracetamol 1g; voie orale ; comprime
1095,2) paracetamol 1g gel
1096,defense
1097,2) budesonide 64 pg/dose suspension p pulv nasal
1098,docteur
1099,conseil general des hasceseine
1100,5014 paris
1102,la pharmacie de frevent
1103,"(nam, prenom et identifient)"
1104,recherche etendue
1106,dispensation du 15/07/2021 (dossier pharmaceutique)
1108,cardiofogue
1113,hexalyse cpr a sucer 24 :
1114,onon
1119,2 x zolpidem 10mg winth comprime 14 (34009 3674934 4)
1121,n* dimmatriculafion (a completer par lassurefe))
1122,page 1/1
1124,chirurgien des hopitaux qualifie en c l
1126,"desonide 0,1 % creme (locapred)"
1128,spifen 400mg cpr 20 (ibuprofene)
1129,securite soci
1130,dexpanthenol 5 % creme (bepanthen)
1131,lumigan (bimatoprost) collyre a
1133,nom 
1134,"clamart, le 22/07/2021 a 1855"
1135,date de fin
1136,"05/05/2021, ord, 15/04/2021, cvald"
1137,"i si prescription initiale par un etablissement, date linite de la prochaine consultation dans letablissement"
1140,"meudon, le 29072021"
1141,liste)
1142,ophtalmologiste
1143,le 24/09/2021
1149,nombre total de perfusions
1150,chirurgio maxillofacialo
1151,atle
1154,ancien interne des hoptan de pars
1156,prescripteur)
1159,"eludril perio 0,2% (facon de 200 ml) solution pour ban de bouche"
1160,chirurgie de la myopie
1161,o oui
1162,mg
1163,"(nom, prenom et identifiant)"
1164,n* le matin
1169,"tamsulosine chlorhydrate 0,4 mg gelule lp"
1172,(nom de e (e narnce) mam u nom duaage acutat el aya e (a compor pa la
1173,2 boltes
1177,2) kipos 100000u1 capsule molle
1178,59390 vszlannoy
1179,"1, villa des camelias"
1182,pathologio articulation temporo
1187,cadre de sante dhospitalisalion
1188,dre de sante dhospitalisation
1190,prescriptions sans rapport avec laffection de longue duree
1191,miconazole 2% ; voie buccale; gel bucc
1194,recherche
1195,membre d une association de gestion agreee le reglementparshequerestocgeptena9see es una99e9 jeyo1
1196,en cas de doute ou durgence appelez le 15
1197,inn p
1198,1 (boite(s)
1199,390 ml
1200,nele) le
1203,lexomil 6mg cpr quadrisec
1204,%3d
1205,ccrfa
1206,"quiconque se tend coupable de fraude ou detausse declaration est passible de penalites financieres, damendes et/ou demprisonnement (article 313"
1207,dispensation du 12/07/2021 (dossier pharmaceutique)
1210,!dentification du patlent
1212,chirurgien dentiste
1213,apr endocrino consult x100
1215,smoulineaux
1216,nombre de produits : 0
1219,"- le patient a la possibilite dexiger le medicament de marque chez le pharmacien, contre la"
1222,ancien chef de cliniqueassistant es hopitaux de paris
1224,"paris, le 09/09/2021 a 1521"
1227, kenzen 4 mg cpr sec plq/30 (1 boite) legale s18/21
1229,service de crrdiologie
1231,en alternance avec
1232,ancien ent consultant au barnet & chase farm hospitals
1233,13500 martigues
1235,"agee de 44 ans,"
1237,75004 paria
1238,"1, 4411 et 4416 u code penal, articles l11413 et l162114 du code de la securite sociale)"
1239,service gynecologieokateinqu
1240,sanbyada
1241,hologe articulation temporo
1242,a delai da at
1243,"quiconque se rend coupable de fraude ou de fausse declaration est passible de penalites financleres, damende elou demprisonnement"
1244,duplicata ne permettant pas lachat de medicaments
1245,2 fluoxetine 20 mg
1246,09/09/2021
1249,maladies infectieuses et tropicales
1251,"i compierer var le pharmacien ou ie tournisseur qui delivre le medicament, le produit ou la prestation"
1252,"quiconque se rend coupable de fraude ou de fausse declaration est passible de penalites financieres, damende et/ou demprisonnement"
1254,cabinet ouvert desha 12 h du lundi au same
1259,agee de 48 ans
1261,carcinologin
1262,vendredi 
1263,stants specialistes
1264,ancien assistant des hopitaux
1265, colecalciferol * 80 000 ui/2 ml ; voie orale ; solution buvable (zymad 80 000 ui s buvable en ampoule amp/2ml)
1266,"doliprane 2,4%"
1267,amoxiciliine1gppell (amoxtcilline)
1268,rdv le
1269,"villejuif, le 15 decembre 2020"
1270,clirurgien urologue
1271,identificn bon du prescripteur
1273,ancien chef de cliniqueassistant des h&pitaux de paris
1276,agrement ratp n1841 6
1278,date de naissance
1279,i) metoclopramide chlorhydrate 10 mg comprime
1282,ibuprofene 200mg
1283,"ordonnance de medicaments,"
1285,soins en rapport avec une à la demande oui x
1287,"specialistes fatus, temme enccinte et reproduction"
1288,pediatre
1289,prepter)
1292,"saclay, ie 29 juil 2021"
1293,prevenar 13 suspension injectable
1294,(maladies intercurrentes)
1295,(lercan 10 mg cpr pell sec plq/30)
1296,"cabinet du rouilon 3, place du rouillon, 91000 evry"
1299,prenc
1300,lexomil 6mg cpr tb30
1304,desperey
1305,cabinet de gynecologie obstetrique
1307,131023541
1308,"(articles 3131, 4411 et 4416 du code penal, articles l 11413 et l 162114 du code de la securite sociale)"
1310,centre hospitalier
1312,<alopurinel
1314,mediterranee
1315,publique
1319,42 ans
1320,8x dafalgan codeine cpr effv tb16 (34009 3331677 8)
1321,"membre dune association de gestion agreec, reglement des honoraires par cheque accepte,"
1322,nee le 
1323,19 square de verdun
1324,| 3 x seresta 50mg cpr sec 20 34009 3095969 5
1325,cpa
1326,74 oncologie radiotherapie conventionne
1327,sur rdv 15h20h00
1328,mercredi
1329,"3,57 65%"
1331,le 11/05/2021
1333,mercredi et vendredi
1334,zyma d 10 000 ou adrigyl 10 000
1336,radiologie 92
1339,diamox 250mg (acetazolamide) comprime
1340,"10- cokenzen 8mg/12,5mg cpr sec 30 (candesartan + hyd"
1341,"2,57 100%"
1343,raison sociale
1344,le 02/10/2021
1346,"j sanche,, f staub, s taifour, e viry,"
1347,de de p
1348,ouvert 24h/24 7j/7
1349,6 boites
1350,irm scanner porte verte
1353,99ss
1354,mercredi de 10h a 12r
1355,et metaboliques
1358,delivrance exceptionnelle car pneumologue non joignable (conges) et impossibilite dobtenir une ordonnance du
1359,simbrinza
1363, stilnox 10 mg cpr pell sec 2plq/7 (14) (zolpidem tartrate dix milligrammes comprime)
1364,(dci) nitrofurantoine gelule 50 mg
1366,mte non substituable
1367,* bandelettes et lancettes pour glycemie capillaire
1371,"ix0,51eur honeraire de dispensatidn rembsursabies"
1372,tri par libelle
1373,unicancer
1375,(cordarone 200 mg cpr sec piq/30 [it1])
1376, adiaril pdr solution buvable rehydratation 10sach/7g
1377,2) amiodarone chlorhydrate 200 mg comprime
1379,"verneuil sur seine, le lundi 14 juin 2021"
1380,assistance medicale a la procreation
1381,cabinet de dermatologie
1382,{debut}
1383,(acide acetylsalicylique (sel de lysine) 75 mg pdre p solution buvable sach)
1384,etablie pour mr
1385,si vous avez
1386,lynparza 150 mg
1387,1g
1388,ordonnance 
1389,age : 30 ans
1390,"membre dune association de gestion,ie regiement par cheque est"
1391,et abdominale
1392,le lundi 4 ctobre 2021
1393,"4,58"
1395,|dispensation du 23/04/2021 a 15h53m27s
1396,le vendredi 12 mars 2021
1397, flector 1 % gel fi/100g
1398,ordonnance du 10/06/2021 a 1109
1399,absent mercredi et samedi
1400,consultations tous les jours
1401, ou une intolerance au lactose vous nachetez pas le medicament glucagen
1402,identification du patient
1403,(nom de famile (de naissance) suivi du nom dusagre (facultatif et sy a leu)) (a completer par le
1409,e ls
1413,pyridoxine chlorhydrate 10 mg gel (ugle lp))
1418,implantologie
1419,gynecoogieobstetriq
1421,"sil existe, le volet patient de ladite fiche a ete remis par mes soins a ce patient"
1422,assistant specialiste
1423,"ix1,58eur honcraire de dispensaton lie a rage"
1424,ordonnance arthroscanner
1426,le  06/10/2021
1428,depakine chrono (valproate de sodium) 500mg cpr lp sec30
1431,qualifie en chirurgie cancerologique
1433,conventionne secteur 1
1436, et de 14h 30 a 18 h
1439,"5, square dos corolles  92400courbevoie"
1441,(strepsils lidocaine past plq/24)
1442,"62,40"
1444,ne(e) le 27/10/1966
1445,produita perfuser
1446,dispensation du 27/07/2021 (dossier pharmaceutique)
1447,servic
1450,3) gardasil 9 suspension injectable en seringue preremplie
1453,nombre de produits 4
1454,aappical a
1455,atteste que la prescription concernant le patient susvise est conforme aux indications
1456,13700 marigne
1460,la roche le 01/04/2021
1461,"a la connaisance du prescripteur, le patient atil beneficie dune cure de perfusion a domicile ou de"
1462,"4) naphazoline nitrate 0,025 % prednisolone 0,02 % solution p pulv"
1464,chinurgie maxilofaciale
1465,pas de consultation le matin
1467,1) neo-codion adulte : sirop ; 180ml
1468,1 aiguille de huber de type l par perfusion  1 aiguille de huber de secours
1470,?) colecalciferol 100 000 ui/2 ml solution buvable
1472,medecine generale
1474,zisd
1476,voie souscutanee
1479,1- poches sensura mo sexe- 2
1481,du dexpertises medicales
1482,i medicument prescrit
1486,consultations
1487,"meudon, le 28/04/2021"
1488,cerfa
1489,espace sante
1490,2 flacons biseptine 250 ml
1494,medecin generale
1495,centre medical la roche sur yon
1497,chambre implantable catheter central opiccline voie veineuse peripherique
1498,"ironiantssentendent avan ueouction, le chs echeant, de ia iranciise prevue ia"
1501,ancien praticicn hospitalier a lhopital necker
1502,"paris, le 05/12/2020"
1503,"(articles 3131, 4411 et 4416 du code penal, articles l 11413 et l 162114 du code de lasecurite sociale)"
1506,dermoval ccreme
1509,renbo usables
1510,colecalciferol 10 000 ui/ml solution buvable en gte (zymad)
1515,i honraie da medicaments specifiquas
1517,g/dose pdr inhalation fi/120doses )
1523,aom de fumlle (de naiae) uivi du omue tiaruttatif ilye lieu) (a contpleter pur le preripter
1526,de 10 h 30 a 12 h 30 et de 14h 30 a 19 h30
1529,glacage 20 min 3 fois par jour
1530,"membre dune association de gestion agreee, reglement des honoraires par cheque accepte"
1534,poids (27/12/2019) 54 kg
1539,pell plq/30 )
1542,echographie obstetricale et gynecologique paris v
1545,4) lamaline gel b/16
1549,age 32 ans
1550,ordonnance chirurgie refractive
1551,zymad
1552,1nam de famijlefde naksnce) suny du sn dnsagerkrulatrfer sil va hen) fa completer pai de prescrypteur)
1553,praticien
1556,pon a egso freo pells)
1559,prescription sans rapport avec laffection de longue duree (maladies intercurrentes)
1560,nombre de produits  1
1563,"mgntant total 27,57eur"
1564,idenufication du prescripteur
1565,bromazepam myl 6mg cpr b
1567,prix u
1570,"1) naproxene sel de na 550 mg comprime (apranax 550 mgcpr pell sec b/16) (16 comprimes, comprime pellicule"
1571,generiques souhaites(saut mention contraire)
1575,la porte verte gie scannerlrm
1576,vaxelis suspension injectable en seringue preremplie
1577,institut curie hopital
1578,onologe
1581,cente hostalier
1584,lidocaine chlorhydrate 2 mg past
1585,praticien hospitalier
1586,traitement  1mois
1589,femmes  adalescents  meres
1590,"(nom, prenam et identifiant)"
1591,(spagulax pdr eff suspension buvable en sachetdose 20sach)
1592, 3/ danazol (danatrol 200mg gelule 100)
1593,"articles l 3223, 3 et 4, l 3241 et r 16145 du code de la securite sociale"
1596,acetylsalicylique (sel de lysine) 100 mg pdre p solution buvable sach)
1597,"montant rc 9,05eur"
1599,ante dhosptalisation
1601,du lundi au samedi
1603,en cas de douleur
1607,4 helikit n1
1608,idamdaation du ers
1609,tous les jours sauf mercredi
1610,ztraitement c perfuser seui
1611,neurologue
1614,ancien assistant des hopitaux de paris
1615,generiques souhaites (sauf mention contraire)
1616,physiodose sml
1618,t abdomijaie
1620,"sur rdv lundi, mercredi, vendredi"
1623,basc
1625,soins dispenses au titre de lart l 115
1626,escitalopram sdz 10mg cpr
1627,7- flixotide 500mcg diskus pdr inhalation 60 (fluticasone)
1632,imop
1633,10
1634,3 atarax comprime 25 mg
1637,location dun appareil daerosol sonique
1639,femara
1643,efferv (3 boltes)
1644,dentification du patient
1647,messagerie securisee pour les professionnels de
1648,"marignane, le 03/03/2021"
1650,adulte adolescent
1651,"sodium chlorure 0,9 %; voie ophtalmique ; collyre solution"
1652,mardi 05 octobre 2021
1653,"5,97 k"
1655,pediatrie generale et maladies respiratoires et
1656,ne
1658,(primperan 10 mg comprime sec)
1659,92210 saintcloud
1660,identifiant
1663,orl  chirlurgie cervicoeacale
1665,dr f
1667,92140 clamart cedex
1668,patiente 
1670,bromazepam myla 6mg cpr
1671,pole de sante du plateau
1677, une maladie des surrenales
1679,"le 23/08/2021,"
1681,rhumatologue
1683,eidocavia/pilacavio 5/ptehe
1684,signature du prescripteur
1687,dlu en gynecologie de lenfence et de ladolescence
1688,24 ans
1689,n immatriculation (a completer par lassur(e)e)
1691,maladie x
1693, 2 desloratadine bga 5mg cpr (desloratadine 5 mg comprime)
1695,membre dune association de gestion agreee le reglement des honoraires par cheque ou carte bancaire est accepte
1696,pharmacie du pont blanc
1699,2 duo conceptio homme/femme
1700,2 inexium 20mg
1701,les epinettes
1702,consultation sur rendezvous et doctolibfr
1703,le lundi mercredi vendredi
1704,"quiconque se rend coupeble de fraude oude fausse decieration est pessible de penalltes finenciees, demende etlou demprisonnement"
1705,pole de maladies infectieuses
1706,1) lamictal 100mg cpr disp b/30
1709, pas de renouvellement dordonnance pour un tiers absent 
1711,prescription relative au traitement de laffection longue duree reconnue (affection exonerante)
1712,prescriptions sans rapport avec laffection de longue du
1713,tructrice et esthetique
1718,mandbulain
1719,miconazole 2 % ; voie buccale ; gel bucc
1721,prescription relative au traitement de laffection de longue duree rebonnue (liste ou hors liste)
1722,(maladies intercurrente)
1724,qte 1
1725,colecalciferol * 100 000 ui/2 mi ; voie orale ; solution buvable
1727,date de debut de cure  06/10/2021
1729,cadre de sante
1730, acide folique ccd 5 mg cpr plq/90 (acide folique 5 mg cp)
1731,pharmacie de la mairie
1732,n dimmatriculation (a completer par lassure(e))
1733,"gelules, gelule gastroresistante) 1 boite"
1734,1/ alphatocopherol (tocq 500 cap$ 30)
1736,"densitometrie, scanner, irm, radiologie interventionnelle"
1742,"gardasil 9 suspension injectable en seringue preremplie ser/0,5ml2 aig"
1743,solution buvable) 1 boite
1745,3 depaine chrono st
1749,22 prestations/dispositifs medicaux
1755,"radiologie generale et dentaire, conebeam, mammographie, echographie,"
1757,sur rendez vous et consultations libresfernie le samedi
1758,qla libeila identfiant prx u basess hd txr
1760, tixocortol pivalate 1 % suspension p pulv nasal (pivalone 1% suspension nas fl doseur/10ml)
1765,article l 115 du code des pensions militaires dinvalidite et des victimes de guerre
1766,nts
1767,chirurgie orthognathique
1768,lyrica 300mg (pregabaline 300mg)
1769,combigan (timololbrimonidine)collyre f
1770,mercredi 06 octobre 2021 a 09h15
1775,doliprane
1776,consultation privee :
1778,(nam de lamies (as naissance) suvi da ren cutera tacitotsi ei si y t ta cipistar parke jordonhance du 09/06/2021a 1637
1779,1/ prorhinel
1784,assistance publique - hopitaux de marseille
1785,assure(e) (a remplir si la personne recevant les soins nest pas lassurele))
1791,date de naissance du patient  21/05/1944  age  76 ans
1793,"sacubitril 48,6 mg  valsartan 51,4 mg comprime (entresto)"
1794,> paracetamol 1 g comprime (doliprane)
1795,gynecologie
1796,n le matin
1797,ancien chef de cinigseassistant des hopitaunx de paris
1801,accepte la carte vitale
1803,grossesse
1808,1 flacon betadine dermique 125 m!
1810,"clamart, le 03/10/2021"
1812,prescriptions sans rapport avec l affection de lc
1813,2/ zithromax 250 mg
1814,maitre de stage universitaire
1819,prescriptions sans rapport avec laffection de longue durec (maladies intercurrentes)
1821,bromazepam mylan 6mg x30
1825,ordonnance validee electroniquement par docteur e
1828,"boulogne, le 23/o8/2021"
1829,5 x seresta 50mg cpr sec plq/20 34009 3095969 5
1831,cortancyl 20
1833,92360 meudon la foret
1836,"quicongue se renlcoupuble de fraide ou de faisse tkickaration est passible de penulitis finxmcieres, dumenle ernt demprisemmement (orticles 3131 4411 es h16 ttu code penal ei artieles"
1837,non
1840,e i m
1842,identification du presorpteur
1844,ime du parcsection autisme steje
1845,assistants specialistes
1846,"mom, pndnom e venio"
1848,ancien praticien de lhopital cochin
1850,accident du travail ou maladie professionnelle u
1852,traitement pour une duree de 6 mois
1853,"0/06/2021, ord 15/04/2021, cv à la demande"
1859,2 x racecadotril 100mg zen gelul 20
1861,letiquette du patient
1862,1 / plaquenil 200 mg
1863,02 (dci) terbutaline sulfate 500 g/dose pdre p inhal (bricanyl turbuhaler 500
1864,pole do sante du plateau
1866,xenetix 300 ou iopamiron 300
1867,institut du sein
1868,"clamart, le 10/04/2021"
1870,levothyrox 25
1871,specialiste en medecine generale
1872,3 defakne chrorio 50cg
1875,"neurologie, electromyographic"
1877,ordonnance de 4 (quatre ) produit(s)
1880,quiconque se rend coupable de fraude declaration est passible de penalites financieres damende et/ou dempris
1881,lancettes
1883,secable)
1884,(affection exc
1886,nee le 29/01/1965
1888,diplome dimagerie cardiovasculaire
1889,agree ratp  2135 2
1890,bromazepam bio(lexomil)30 comprime
1891,ad035ongue duree
1892,"vous procurer en pharmacie, 48 heures a lavance, (delai de commande a la pharmacie) les produits suivants"
1893,3) lercanidipine chlorhydrate 10 mg comprime
1894,primperan
1897,diu dinjection et de comblement
1902,maxilase 2o0u/ml sirop 125ml
1903,centre de sante de lescaillon
1905,"(ralson sociale du cabinet, de letablisseme"
1907,paracetamol (doliprane/dafalgan) 1000mg gelule voie orale
1910,"membre dune associalion de gestion agreee, reglements par cheques acceptes"
1914,|dispensation du 12/04/2021 a 12h36m07s v
1915,apast centre medical et dentaire adi
1918,ordonnance du 11/0g/2021 a 1029
1924,patient 
1926,arreter tahor
1929,yar intiation dune perfusion a domicile
1931,consultations sans rendezvous
1933,carcinologie
1935,nebivolol 5
1936,debridat 100 mg cpr pell 2piq/15
1937,teleassistance
1938, freestyle libre capteur
1940,membre dune association agreee acceptant a ce titre le reglement des honoraires par carte bancaire ou par cheques
1942,etiquette
1944,prescriptions relatives au traitement de laffection de longuc durce reconnue (liste ou hors liste) (affection exonerante)
1945,"articles l3223, 3 et 4, l 3241 et r 16145 du code de la securite sociale"
1947,pediakid appet/tonus framb sp125ml
1948,centre de sante les epinettes
1949,le pharmacien vous demandera quelle specialite vous preferez - nom international : acetaminophen
1950,centre dimagerie conventionne secteur 2 avec depassement dhonoraire
1951,traitement pour une duree de 4 mois
1954,"membre dune association de gestion agreee, le reglement des honoraires par cheques est accepte,"
1955,ne(e) le 3/06/82
1956,"artides l3223, 3 et 4, l 324let r 16145 du code de la securite sociale"
1957,fin de prescription
1960,monsie
1962,l512523 du csp
1963,"pour confectionner 410 ml dune solution pour bain de bouche, il faut "
1967,lrtide l 3 22 du code de la securite socioale et indiquee sur le releve de prestalions
1974,conditions de prise en charge
1978,tar conv zisd zik
1980,centre durologie de meudon
1982,ancien chef de clinique a la faculte
1983,vaccins des 11 mois
1988, tardyferon 80 mg cpr pell plq/90 (fer (sulfate ferreux) 80 mg cp)
1989,"(ali) eliquis smg( 3400926784102 62,40"
1990,glycerol vaseline paraffi
1995,prescriptions en rapport avec laffection de longuc duree
1998, dafalgan 1000 mg cpr pell plq/8
1999,"128, av viotor lugo"
2000,pathologe articulation temporo
2007,"montant total 27,57eur"
2009,"lundi, mardi et mertredi"
2010,prescription medicale du mercredi 24 octobre 2018
2013,"longjumeau, le 08/06/2021"
2017,versailles
2019,"4411 et 4416 du code penal, articles l 11413 et l 162114 du code de la securite sociale)"
2020,"143,57sur honorare de dspensatron spacifques"
2022,cadre de sanle des consulalions
2024,(signature et cachet du medecin
2025,"> diphterie, tetanos, coqueluche, haemophilus i, polio, hepatite b"
2027,"ordonnance, imprime le 04/10/2021 1903"
2028,ip
2029,chirurge ptastique
2031,du de pediatrie durgences
2032,|5 x seresta 50mg cpr sec plq/20 34009 3095969 5
2033,"sil sagit dun medicament, preciser la forme, le dosage, la posologie, la voie dadministration"
2038,chirurgie plastique
2039,rosuvastatine (zinc) 20 mg comprime (rosuvastatine biogaran)
2041,"0,60eur"
2042,ne le
2043,dci (paracetamol)
2048,(stagid 700 mg cpr sec plq/100)
2051,(affection exonerante}
2052,diplome de la faculte bichat paris vill
2059,paroxetine (chlorhydrate) 20 mg comprime
2062,escitalopram sdz 20mg cpr
2063,ancien chtrurgena finstitrarie
2064,laureat de la faculte de medecine de paris
2065,paroxetine (chlorhydrate) * 20 mg ; voie orale ; comprime
2066,poids 
2067,consultations et visites sur rendezvous
2068,dispensation du 13/07/2021 (dossier pharmaceutique)
2070,21 mg/24h
2071,"libelles au nom du praticien en cas durgence, composez le 15"
2072,diu accueil des urgences en service pediatrique
2080,1 x norset 15mg cpr pell b/30 34009 3445412 7
2081,xylocaine 2%
2084,nombre de medicaments prescrits 2
2092,specialiste car non suivi dans la region
2095,lantus 100/ml solostar stylo 3 mls
2096,hef de sorvice
2097,prestataire ou pharmacien dofficine
2100,"articies l 3223, 3 et 4, 1 324 et r 16115 di code de la securite sociale"
2106,| 1 x esomeprazole biog 20mg
2107,miconazole 2 % ; voie buccale; gel bucc
2112,ancien interne des hopitaux de paris
2113,regime general
2114,institutgurie hopital
2115,un tube
2118,"speciafoldine 0,4mg cpr 28 (acide folique)"
2119,generiques souhaites (sauf mentioncontraire)
2120,lauitale de teuropesn board of ohthalmolony
2123,otorhinolaryngologie
2125,pantoprazole (sel de na) 40 mg comprime gastroresis (pantoprazole sandoz)
2128,| 1 x zymad ampoule 80mui 05ml
2129,vendredi 9h00/18h00
2130,"altachee a lhopital pitiesalpetriere, institut de myologie"
2134,colchicine 1 mg
2138,11 zovirax 200 mg cpr 1pla/25 (aciclovir 200 mg cp) (8 boites)
2141,b/20)
2146,bains de bouche prepares par la pharmacie 
2149,ordonnance de 2 (deux ) produit(s)
2150,non u
2153,formulaire de prescription perfadom
2154,"en cas durgence, composer le 15"
2156,nee le 21/06/1972
2157,"veuillez vous procurer en pharmacie, 48 heures a lavance, les produits suivants "
2162,le mardi 5 octobre 2021
2163,(acte gratuit)
2166,"montant ro 17,92eur"
2167,raticien hospitalier
2171,maladies de la peau et du cuir chevelu
2173,produit
2174,"iispaghul tegument 2,143 g pdre efferv p suspension buvable sach"
2179,audouin best cardot dubosq
2181,faite le : 18/3/2018
2183,recipent undose
2186,"veuillez venir, le jour de lexamen avec votre dossier medical (radiographies, echographies, analyses de"
2187,prednisolone 20 mg
2188,| 2 x tramadol arrow lp 100 arrow gelule 34009 3918566 8
2190,2) conseil 
2193, 3 lignes de prescriptions
2194,khinesitherapeute
2196,prise de rendezvous sur doctomu
2197,terbutaline sulfate 5 mg/2 ml solution p inhal p nebulis (terbutaline mylan 5 mg/2 ml s p inh/nebulis en
2205,mesotherapie
2206,4- kardegic 160mg sachet 30 (acide acetylsalicylique)
2208,orthodontie
2211,medie unents
2213,colposcopie  sterilite
2214,paracetamol 24 mg/ml suspension buvable (doliprane ss sucre)
2217,adjoint au chefde service
2218,de longue duree reconnue (liste o
2219,date de delivrance |
2220,1 hngrare do medicaments remtpusebles
2221,prescriptions relatives au traitement de laffection de longue duree reconnue
2222, kardegic 75 mg pdr so! buvable en sachetdose sach/30 (1 boite)
2225,prescriptions relatives au traitement de iafifection de longue duree reconnue (liste ou hors liste)
2226,crestor 10
2227,1) triafemi cpr 3plq/21
2231,janumet 50mg/1000mg
2234,paracetamol 1 g_
2236,"(raison soclale du cabinet, de letablissement et n am, finess ou siret)"
2243,"3) semaglutide 0,5 mg solution injectable stylo prerempli (ozempic 0,5 mgs injectable en stylo prerempli"
2244,2 place dorion
2246,identification du prescripteur
2249,"diclofenac diethylamine 1,16 % ; voie cutanee ; gel"
2254,du lundi au vendredi
2255,"2 amoxicilline 1 g, comprime"
2257,nfites
2258,reconstructrice et esthetique
2262,ancien assistantspecialiste du centre hospitalier de
2263,ou duree
2265,le mercredi 07 ju
2266, aspegic 100 mg pdr sol! buvable en sachetdose nourrisson 20sach (acide
2267,prescriptions relatives au traitement de laffection de longue duree feconnue (liste ou hors fiste)
2272,femmes adolescents  meres 
2273,serite deparif de pmi
2274,et medecine de la
2276,surrendezvous
2281,calcium 1000
2282,le 2 septembre 2021
2285,"articles l 3223, 3 et 4, l3241 et r 16145 du code de la securite sociale"
2286,prespriptions sans rapport aveetaffectiomde longue duree
2287,ish
2288,chirurgie plastque
2290,2) econazole arrow lp 150 mg ovule lp plq/1 (econazole nitrate 150 mg ovule lp) (1 boite)
2291," set de pose, branchement et debranchernent de diffuseur pour chaque perfusion"
2293,"medicament(s) substituable(s), sauf mention contraire  art"
2294,furosemide 20 mg comprime (furosemide biogaran)
2295,speciafoldine 5
2296,> 6 ans
2297,prise de rendezvous au
2298,9236 meudon
2302,cabinet de medecine generale
2303,"stylo4aig) (stylo, solution injectable) 7 boites"
2305,honosure lie a lage
2306,rgie odontologique
2308,"cette feuille tient lieu dordonnance pour obtenir le ou les produitsdont vous avez besoin, aupres de votre"
2310,apranax 550mg cpr secable 16 (naproxene sodique 550 mg comprime)
2311,mandibulaire
2314,ante des consultations
2320,"membre dune aga, le reglement des honoraires par cheque est accepte"
2321,2 etifoxine 50 mg gelule
2322,1 specialite(s) prescrite(s)
2323,conventionne
2325,fsychiatre
2327,uvedose 100 000uu2ml ampoule buvable 1
2329,1 honeralre de medcaments
2330,bebe
2331,et sur rendezvous
2333,hopitaux
2334,conventionnee secteur 1
2335,ordonnance electronique via
2336,amoxicilline 1 g comprime pellicule dispersible
2338,"articles l, 1223, 1 et 4, i 3241 et r 16145 du code de la securite sociale"
2339,1) amlodipine (besilate) 10 mg gel (amlor 10 mg gel plq/90) (90 gelules) 1 boite
2340,outella
2343,chef de service
2344,consultations sur rendez-vous-
2345,|dispensation du 08/01/2021 a 17h52m13s
2346,"age 9 mois 14 jours poids 8,98 kg"
2347,euphon 300 ml
2351,92140 clarmart
2354,00
2355,amoxicilline teva sante 1 g cprdisp b/14
2356,medecin principal b merat
2360,praticiens hospitaliers
2364,oar 
2368,medecin du sport
2370,chirurgie oculaire
2372,histo prix tracabilite avec hono
2373," fluticasone propionate 0,05 % creme (flixovate 0,05 % crème t/30g)"
2377,ancienne interne et ancienne chef de clinique des hopitaux de paris
2379,prescription relatives au traitement de laffection de longue duree reconnue (liste ou hors liste)
2381,num renouv
2383,maladies allergiques respiratoires
2386,chirurgio maxillafaciale
2388,à renouveler panliae qewaele
2390,part ass
2391,cammentaire prescripteur 
2393,et de 14 ha 18 h du lundi au vendredi
2394,ces medicaments ont un effet sur la vigilance; la conduite automobile est deconseillee
2395,numero le matin :
2396,les papillons blancs de la colline
2398,"membre dune aga, le regiement des honoraires par cheque est autorise"
2399,"membre dune association de gestion, le reglement par cheque est accepte"
2401,reprod ction
2402,| commentaire null
2403,"12, boulevard des nationsunies"
2406,"a diluer dans un peu deau, lait ou jus de fruit"
2409,"1 omeprazole 20 mg, gelule"
2411,cadre de sante des consultations
2414,"(raison soclale du cebinet, de letablissement et nam, finess ou siret)"
2419,jeudi 07 octobre 2021 a 08h30
2420,(affection exonerante)
2421,cardiologue
2422,inhal ( seretide diskus 250 g/50 ug/dose pdr inhalation en recipient unidose 60unid )
2423,cabinet dophtalmologiqie
2424,01 generaliste commentionne secteur 1
2429,consultation sur rendez-vous
2430,| 2 x doliprane 1 000mg cpr 8 34009 3595583 8
2431,rovamycine 3 000 000ui comppelli b/10 et b/16
2432,membre dune association agrece acceptant a ce titre le reglement des honoraires par carte bancaire ou par cheques
2435, salbutamol (sulfate) 100 g suspension p inhal en fl press (ventoline 100 pg suspension inhalation fi/200d)
2436,du de formation medicale continue
2437,ancienne attachee a lhopital cochin
2439,dispensation du 04/01/2021 a 11h46m45s
2441,diffu k 600mg (chl de potassium) gelules
2442,jeudi 9h00/18h00
2447,une boite(s)
2449,rezdechaussee
2451, tagrisso 80 mg
2452,psychologue
2453,serenoa repens fruit extrait 160 mg gel (permixon)
2456,novorapid flexpen
2458,saintlouis
2460,consultations externes
2461,e diffuseur (minimum 30 min)
2462,identite  m
2463,ancien attache en pediatrie
2465,cpr t800
2466,i1 place jean mermoz 92320 chatillon
2470,1000 2296373
2471,"amox/ac cla ivx 500mg/62,5m"
2472,hopital
2474,juluca 50 mmg/25 mg comprime
2476,amailcon
2477,1bu fe nm
2478,dci (spiramycine)
2479," tramadolparacetamol 37,5mg/325mg"
2489,gadovist 1 seringue preremplie de 15ml
2490,01 (dci) fluticasone propionate 250 ug/dose  salmeterol (xinafoate) 50 g/dose pdre p
2491,lefosse
2492,vesicare
2493,ed
2494,foch
2496,recipient unidose 20unid/2ml)
2497,medecin altache
2502,centre commercial karrefour
2507,bains de bouche keal (1 sachet de 1 g dilue dans un verre deau (eau de source ou eau minerale))
2510,glucagen 1 boite 1mg/ml solution injectable
2515,medecine manuelle - osteopathie
2516,obstetrique
2518,diplome interuniversitaire de gynecologie
2520,dispensation du 10/04/2021 a 12h19m00s k
2521,corcos
2522,ancien assislant des hapitaux de paris
2523,17019 la rochelle cedex 01
2525,voie orale ; comprime
2528,(doliprane 500 mg cpr eff 2t/8)
2529,"en cas duigence appelez le 15,"
2536,ni 08/02/2021
2538, en cas de perfusion sur chambre implantable
2540,du dhypnose medicale
2541,1 dosulepine 75 mg
2543,deiranc le
2544,aivmoxicilline 500 mg ; voie orale; gel
2545,identifient
2548,servite det maladiees infectieuses el tropicales
2549,date 01/10/2021
2550,"quiconque se rend coupable de fraude ou de fausse declaration est passible de penalites financieres, damendes et/ou demprisonnement (articles"
2552,gynecologie  obstetrique echographic
2554,posturologie
2555,praticlon hospitaller
2558," paracetamol 24 mg/ml suspension buvable (doliprane 2,4 % suspension buvable sans sucre fi/100ml)"
2559,messagerie cryptee
2561,93170 bagnolet
2566,pathologie articulation temporo-
2567,"alprazolam 0,25"
2568,attachee a lhopital bichat
2571,espace sante la croisee
2573,amlodipine (besilate) * 5 mg ; voie orale ; gel
2575,mardi mercredi matin jeudi
2576,prescriptions relatives au traitement de laffection de lorigue duree reconnue (liste ou hors liste)
2581,lexomil 6mg cpr qsec t/30
2582, eliquis 5
2584,(candesartan cilexetil 4 mg cp)
2587,personne recevant les soins (la ligne nom et prenom est obligatoirement remplic par le medecin)
2590,identification du pharmacien ou du fouruisseur et de la structure dans laquelle il exerce
2591,|dispensation du 21/04/2021 a 12h43m30s
2595,"pointe a pitre, le 12/04/2021"
2596,paracetamol 1 g; voie orale; comprime
